Priority,Company,Score,Status,Wedge,Owner / Backer,Employees,Revenue,12m Growth,Tech / Data Bench,Complexity,Trigger,Why Elastic,Key Unknown,Best Discovery Question,Primary Buyer,Buyer Name,LinkedIn / Contact,Last Touch,Next Action,Next Action Date,Outside-In,Source / Confidence,Notes,Last Researched,Active?
41,MHA,69,Watch,Professional Services,Unknown,,,,Material existing technical organisation,Large professional services firm,Explicit digital agenda,Addressable but less pure capability-gap thesis and likely more procurement friction.,Specific specialist gaps.,Which parts of the digital roadmap are difficult to resource from the existing organisation?,CTO / Digital,Jane Walker-Smith,jane.walker-smith@mhllp.co.uk,,Only pursue on fresh trigger,,Watch,Prior research,,,True
42,Science in Sport Group,67,Watch,Consumer / Ecommerce,bd-capital,210,£65m,14.3%,8 eng / 7 IT,Two-brand sports nutrition group,PE-backed growth,Probably below sweet spot unless a specific programme appears.,Trigger strength.,Is there a defined transformation programme that needs temporary specialist capacity?,CTO / Digital,,,,Watch,,Watch,Apollo directional,,2026-08-21,True
43,Crown Agents Bank,64,Watch,Financial Services,Independent / validate,360,£153m,20%,17 eng / 7 IT / 2 data,Regulated wholesale bank,Digital banking / payments,Already relatively technology-capable; specialist-only case.,Specific capability gap.,Which specialist technology skills are difficult to justify permanently but repeatedly required?,CTO / CIO,,,,Watch for specialist trigger,,Watch,Apollo directional,,2026-08-21,True
44,Dantherm Group,94,Research,Industrial / Distribution,Private / validate,1,000+,,,CIO + strategy leadership identified; delivery bench depth unknown,24 global contact points; complex European distribution network; UK HSC integration now live,Acquired Hire Supply Company 21 Aug 2026 + explicit UK integration + UK described as blueprint country model + 2026 European distribution consolidation,Dantherm is simultaneously integrating a new UK distributor and consolidating its European distribution network. The UK model is explicitly intended as a blueprint creating a credible temporary need for integration data workflow and platform capability before the pattern is repeated elsewhere.,How much integration and data delivery sits in the central CIO team versus local UK operations and incumbent partners?,As HSC is integrated and the UK becomes a blueprint for the group which systems data or operational workflows need to be made repeatable before the model is reused elsewhere?,Chief Information Officer,Sven Zi***h,Apollo record has email; enrichment paused pending credit approval,,Build Outside-In around UK blueprint integration pattern; enrich CIO CEO and VP Strategy after approval,2026-08-27,Build,High - Dantherm official acquisition + sustainability strategy + Apollo buyer search,HSC acquired 21 Aug 2026; ~25 HSC employees; UK combined organisation will be a blueprint country model.,2026-08-27,True
45,SONAS Bathrooms,92,Research,Manufacturing / Distribution,Management-owned / Muzinich-backed growth capital,~110,€54.8m+ / ~£50m annual turnover,125% CAGR in first 3 UK years,Director of IT + Operations Director identified; exact bench unknown,135000 sq ft Irish hub + new ~60000 sq ft Redditch UK hub; 500+ UK retail partners,New Redditch distribution centre opening Aug 2026 after 125% UK CAGR; next-day delivery promise; UK team and operating base being established,SONAS has already proved the Irish distribution model and is now creating a second national operating base at speed. The challenge is making stock fulfilment customer and management workflows work consistently across two markets without overbuilding the permanent team.,How much of the UK operating model is a replication of the Irish WMS/process stack versus new systems data and workflows?,As Redditch becomes the UK distribution base which stock fulfilment or customer-service workflows are hardest to make work consistently across Ireland and Britain?,CEO / Operations Director,Richard Sl***n / Bryan Ho***y / Usman Mu***l,Apollo records have emails; enrichment paused pending credit approval,,Build Outside-In around two-market operating model and new UK hub; enrich CEO Ops and IT after approval,2026-08-27,Build,High - SONAS public sources + Companies House + Apollo buyer search,Redditch hub scheduled for Aug 2026; 125% UK CAGR over first three years; next-day service for 500+ UK retail partners.,2026-08-27,True
46,Melba Swintex,90,Research,Specialist Manufacturing / Distribution,Family-owned,~230,,,No large central tech bench visible; Operations Director identified,UK manufacturing + global export + new 57742 sq ft distribution centre,Multi-million-pound distribution investment opening summer 2026; >5x inventory capacity + ~50% additional operational capacity,Melba Swintex is adding physical capacity far faster than organisational scale. The useful question is whether planning inventory warehouse and customer-service decisions can scale with a fivefold increase in inventory capacity without requiring a permanently larger technical team.,What systems/WMS/data capability already sits behind the new hub and is implementation handled internally or by suppliers?,With inventory capacity increasing more than fivefold which planning warehouse or fulfilment decisions become harder to manage with the current systems and data?,Director of Operations / Joint Managing Director,Louis Da***n / Lynne Hey,Apollo records have emails; enrichment paused pending credit approval,,Build Outside-In around inventory-capacity step change; enrich Operations and MD after approval,2026-08-27,Build,High - Lancashire Business View + Growth Hub + Apollo buyer search,~230 people; 57742 sq ft new hub; inventory capacity >5x; ~50% additional operational capacity.,2026-08-27,True
47,Mapei UK,94,Research,Specialist Manufacturing / Chemicals,Mapei Group,370+ UK,Validate UK revenue,,MD identified; technical/operations bench depth unknown,Two Burnley sites consolidating into one; manufacturing warehousing lab technical services and offices co-locating,£40m+ Burnley production/distribution investment announced 19-20 Aug 2026; 15000m² warehouse; new powder plant; selected imports moving to UK manufacture,The facility combines physical consolidation new production technology and localisation of previously imported products. The strongest Elastic case is proving one repeatable production-to-warehouse workflow as the new operating model comes online.,How much process systems and data redesign is already covered by Mapei's internal teams and equipment/integration partners?,As Burnley brings manufacturing warehousing and technical services under one roof which production-to-inventory workflow is most important to redesign rather than simply transfer from the two existing sites?,Managing Director / Operations / IT,Philip Br***r,Apollo record has email; enrichment paused pending credit approval,,Build Outside-In around operating-model consolidation and UK manufacturing localisation; enrich MD and map operational/technical owner after approval,2026-08-28,Build,High - Mapei UK public announcement + trade press + Apollo buyer search,Known: £40m+ investment; 15000m² warehouse; new powder plant; two sites consolidated; selected imported products brought in-house.,2026-08-28,True
48,Wynnstay Group,93,Research,Agri-food / Agricultural Supply,Public company,924+,~£583m market-reported,,IT Director identified; broader delivery bench unknown,51 depots; 12 manufacturing sites; fertiliser feed seed and merchanting operations,7 Aug 2026 Montrose fertiliser expansion: capacity to double; one of Europe's largest blending plants; commissioning targeted H1 FY2027 before peak spring season,Wynnstay has a hard operational deadline: commission a substantially larger fertiliser platform before peak spring demand. The opportunity is to prove the planning production or inventory decision model around the new capacity not to pitch AI.,Which plant systems planning/data workflows and specialist partners already cover Montrose commissioning and integration?,As Montrose doubles blending capacity ahead of the spring peak which planning production or inventory decisions need to work differently for the new facility to deliver the intended operating efficiency?,IT Director / CEO / Operations,Tom Sy***s / Alk Br***d,Apollo records have emails; enrichment paused pending credit approval,,Build Outside-In around commissioning deadline + doubled capacity; enrich IT Director and CEO after approval; map operational plant owner,2026-08-28,Build,High - Wynnstay RNS + public results + Apollo buyer search,Known: capacity doubling; larger Montrose facility; H1 FY2027 commissioning; spring deadline; 51 depots/12 manufacturing sites/924 employees.,2026-08-28,True
49,Zeus Packaging,91,Research,Packaging / Manufacturing / Distribution,Independent,1,500 global / ~430 UK directional,€500m+ global,,COO + UK MD identified; no senior IT buyer surfaced in Apollo search,61 locations across 34 countries; UK manufacturing consolidation into Ellesmere Port,6 Aug 2026 Progroup partnership: Zeus to consolidate significant UK production at Ellesmere Port; commercial production Oct 2026; at least 100m sqm/year; site becomes central UK production hub,Zeus is concentrating a significant share of UK production into a new central hub on a short runway to October. The useful capability question is how production supply planning and operational data are standardised around the hub before volume moves.,Which systems and process-integration work is owned by Zeus versus Progroup existing plant teams and technology suppliers?,As Ellesmere Port becomes the central UK production site which production-planning supply or operational workflows need to be made repeatable before volume is consolidated there?,COO / UK Managing Director,Adrian La***n / Rob Bu***n,Apollo records have emails; enrichment paused pending credit approval,,Build Outside-In around October go-live + UK production consolidation; enrich COO and UK MD after approval,2026-08-28,Build,High - Progroup/packaging trade sources + Zeus public company data + Apollo buyer search,Known: Oct 2026 production start; 100m sqm/year target; central UK production site; 61 locations/34 countries/€500m+ revenue.,2026-08-28,True
50,Pro Global / PoloWorks,96,Research,Insurance Services / London Market,Marco Capital,~1,400 combined,£100m+ combined,Pro Global Apollo signal +52% 12m headcount growth; validate,Pro Global has established Digital Services CTO and automation capability; combined delivery bench to be mapped,15 offices across UK Europe North America Latin America and Australasia; complementary platforms and regulated insurance services,Marco Capital agreed to acquire Pro Global on 19 Aug 2026; Pro Global and PoloWorks to combine into ~1400-person specialist insurance services group with increased investment in technology automation and AI,This is a rare combination where platform integration operating-model design and technology investment are explicit. The strongest Elastic thesis is helping prove one reusable cross-platform service workflow while the future-state organisation is still being shaped.,Which platform data and service-delivery integration work is already covered by Pro Global PoloWorks and incumbent suppliers and where would specialist temporary capability genuinely add value?,As Pro Global and PoloWorks combine complementary platforms and service lines which client or operational workflow would benefit most from being standardised once and reused across the new group?,COO / CTO / CEO,Chris Everson / Kristy Lovegrove / Steve Lewis,Public leadership profiles; Apollo org verified buyer enrichment paused,,Build Outside-In around one repeatable client-service/platform integration pattern; map Marco/Polo technology ownership before outreach,2026-08-31,Build,High - Pro Global + PoloWorks official acquisition sources + The Insurer + Apollo org verification,Known: deal announced 19 Aug; ~1400 combined people; 15 offices; £100m+ combined revenue; explicit technology/automation/AI investment.,2026-08-29,True
51,Mourant,95,Research,Legal / Professional Services,MML minority investment,~1,000,£127m+ reported,Apollo signal +8.8% 12m headcount growth,Chief Transformation Officer + CTO + established digital innovation capability,9 international finance centres; integrated legal governance entity management fund administration and consulting platform,MML minority investment announced 4 Aug 2026 to fund technology AI-enabled systems data infrastructure people and international expansion,Mourant is not a needs technology story. It already has senior transformation leadership and a CTO. The opportunity is whether new capital creates a temporary portfolio of AI/data/product missions that should flex around the permanent leadership team rather than all becoming fixed headcount.,Which AI data and digital initiatives are already resourced internally or with partners and where does execution capacity become the constraint behind an unusually explicit transformation mandate?,With new capital earmarked for AI-enabled systems and data infrastructure which one client or internal workflow would you most want to prove in 8-12 weeks before deciding what permanent capability to build?,Chief Transformation Officer,Tom Grogan,Public Mourant profile; Apollo org verified buyer enrichment paused,,Build Outside-In around capital-to-capability model not AI staffing; map CTO and current transformation portfolio before outreach,2026-08-31,Build,High - Mourant official investment + leadership sources + FT reporting + Apollo org verification,Known: ~1000 people; 9 IFCs; MML investment; explicit AI/data funding; CTO and Chief Transformation Officer.,2026-08-29,True
52,TST Group,91,Research,Logistics / Freight / Warehousing,Family-owned,400+,£27.5m Apollo estimate; likely under target validate,Strong operational growth; acquired GCS Logistics Aug 2026,No senior central technology bench identified publicly; operations-led model,300+ vehicles; 500+ trailers; 1.5m+ sq ft warehousing; Ballymena/Birmingham plus Heathrow GCS capability,Acquired Heathrow-based GCS Logistics on 14 Aug 2026 adding freight forwarding customs white-glove technical logistics and final point-of-use delivery to a fast-growing UK/Ireland network,The interesting issue is not generic logistics technology. TST is combining a high-volume owned transport/warehouse network with specialist Heathrow forwarding and technical logistics. That creates an opportunity to design one cross-network workflow before operating complexity compounds.,How integrated are transport customs warehousing forwarding and white-glove systems today and which capabilities remain local to GCS versus central TST operations?,As GCS joins the group which customer or shipment workflow is most important to make work end-to-end across customs warehousing transport and final delivery without creating another permanent layer of coordination?,CEO / Managing Director,Liam Reid / Maire-Claire Reid,Public TST leadership sources; Apollo org verified buyer enrichment paused,,Build Outside-In around GCS integration and one end-to-end logistics workflow; validate revenue and systems ownership before outreach,2026-08-31,Build,High trigger confidence; medium ICP-fit confidence - TST official sources + Belfast Telegraph + Apollo org verification,Known: 400+ staff; 300+ vehicles; 500+ trailers; 1.5m+ sq ft warehousing; GCS acquired 14 Aug.,2026-08-29,True
53,Zema Global Data Corporation,94,Live / Research,Energy / Commodities Data & Analytics,FTV Capital,251-500 public estimate; India team 100+; validate,Not publicly confirmed; validate,Active global expansion and acquisition-led growth,Mature product/engineering/data leadership: CPTO CDO SVP Engineering product and solutions engineering; not a thin-bench story,Global data/analytics platform; 200+ enterprise clients; acquisitions of Morningstar Commodity & Energy Data and cQuant; operations across North America Europe and Asia,FTV growth investment + Morningstar Commodity Data acquisition + cQuant acquisition + India GCC build-out + unified Decisioning Infrastructure / AI-ready platform strategy,This is not a generic capacity-gap account. Zema already has deep technical capability. The Elastic opportunity is narrower: temporary specialist delivery around post-acquisition product/platform integration AI-enabled workflow acceleration or customer implementation peaks where permanent leadership wants flexible execution capacity.,Which cQuant/Morningstar integration workstreams are still live how much delivery sits in the core engineering/data organisation versus EPAM/other partners and whether the live opportunity is product engineering implementation data integration or AI workflow delivery.,As Zema turns Morningstar data cQuant analytics and its core platform into one Decisioning Infrastructure which integration or delivery workstream would benefit from specialist capacity for 8-12 weeks without adding another permanent layer to the organisation?,Chief Product & Technology Officer / COO / CDO,Ronnie Thomson / Tina Morris / Eric Steimel,Public Zema leadership profiles; Apollo verifies senior Zema records and email availability for several executives enrichment pending,,Treat as live opportunity: clarify exact requirement first then build Outside-In around one post-acquisition platform or AI-enabled delivery mission; map EPAM and other incumbent partners,2026-08-29,Build,High trigger confidence; medium ICP-size confidence - Zema official sources + FTV + Morningstar + cQuant + Apollo,Known: FTV-backed; Morningstar Commodity Data acquired Sep 2024 for $52.4m; cQuant acquired Apr 2025; 200+ enterprise clients; India operation 100+ employees; current leadership includes CPTO Ronnie Thomson CDO Eric Steimel and COO Tina Morris.,2026-08-29,True